platform;username
instagram;maryeem.h
instagram;jane.torjeman
instagram;maram_jungle
instagram;adeel_tmh
instagram;fatma.bououn
instagram;houssemmansouri
instagram;oussema_triter
instagram;badis_barhoumi10
instagram;maissa.tekaya
instagram;mashtouk
instagram;joujma_officiel
instagram;sarra__cherif
instagram;k__obs
instagram;rijenebensaadayadi
instagram;oumaima.hamrouni__
instagram;majdouline_beauty
instagram;sami.benabdallah
instagram;eya.naccache
instagram;sisina_yacoubi
instagram;cuisine_docteur_hala
instagram;liliamammerii
instagram;khoubaib_jebabli
instagram;eya_haggui3
instagram;hend_makni
instagram;troudibilel
instagram;kahwa_w_gateau
instagram;jeridi_ayoub
instagram;maryem.hz
instagram;sahri.bahri
instagram;wajd_chelly
instagram;ahmed.dahmanii
instagram;aziz__cherif
instagram;nesym_sea
instagram;mohamed.ghawari
instagram;ines_bouraoui_
instagram;moalla_khouloud
instagram;emnasadfii
instagram;azizabouraoui
instagram;bassem_sellami_
instagram;saoussen_masmoudi
instagram;areej.ayari
instagram;ahmed_mak9
instagram;ahmed.riabi
instagram;toumi_lina
instagram;hamma_stories
instagram;samy.chaffai
instagram;asmaothmaniofficial
instagram;mayssa.ferchichi
instagram;bnl_yt
instagram;ghadamaatouk
instagram;nourhen_hourcheni_official
instagram;ghalia.salhi
instagram;nassimbourguiba
instagram;ibaa_hamli
instagram;7chich
instagram;mohamed_bouglia
instagram;oumaima_trad
instagram;asmamek
instagram;abdeddayem.fares
instagram;ilef.b
instagram;sameh.b.k
instagram;saydouda
instagram;ranim.aliani
instagram;khawla.mehrzi
instagram;amirabouzid
instagram;lina_azzabii
instagram;khemir.ranim
instagram;yassine.sondes
instagram;olfakaabi
instagram;hana_askri
instagram;khawlaboukhris
instagram;louay.cherni
instagram;emnatatou.bg
instagram;unboxingtn
instagram;chahiratounsi
instagram;azizos_chafchaa__
instagram;macneer
instagram;maysa_hanfi
instagram;hajer_bayou
instagram;loujey
instagram;aziz_jedidi
instagram;gooba_official
instagram;ahmed.dahmanii
instagram;malouka_iren__official
instagram;_mehdi_belhaj_
instagram;mahmoud_essaidi
instagram;shirine_guiga
instagram;emirbenayed
instagram;jomniraja
instagram;el9anounji.ftw
instagram;sarra_sadfi
instagram;sindasadfi_
instagram;emnasadfii
instagram;ammar__skander
instagram;7h_hamma
instagram;sabrine_khalifamansour
instagram;ayoub_dhouib
instagram;ines_in_labi
instagram;amal.amamou
instagram;med.chou
instagram;hammadi.laabidi.7
instagram;dracowar_official
instagram;insta.molly__
instagram;eskanderhamemi
instagram;hanounettee
instagram;dour_w_cool
instagram;molka_aouij
instagram;oumourjihedcherni
instagram;amen_moussa
instagram;nour.saidi_
instagram;rayenlachheb
instagram;jun_garza
instagram;ibrahim_maknii
instagram;gaffousa
instagram;alienxcds
instagram;sida7med0
instagram;ghazi.elgharbi
instagram;seifboty
instagram;fatma.zahi
instagram;hend_makni
instagram;omny_wish
instagram;yasmeenayari_
instagram;sonytta
instagram;lemis_baccouche?g=5
instagram;lynda.hjaiej?g=5
instagram;ghadamaatouk
instagram;9ron9oss
instagram;thevmaker
instagram;fatma.elmahjoub
instagram;lindarahali